{"train/global_step": 0, "_timestamp": 1691716220.15479, "global_step": 0, "_runtime": 3.0413689613342285, "_step": 0, "_wandb": {"runtime": 8}}