{"train/global_step": 0, "_timestamp": 1691716002.971528, "global_step": 0, "_runtime": 3.265594959259033, "_step": 0, "_wandb": {"runtime": 10}}