{"train/global_step": 0, "_timestamp": 1691716094.400753, "global_step": 0, "_runtime": 3.1898140907287598, "_step": 0, "_wandb": {"runtime": 9}}