{"train/global_step": 0, "_timestamp": 1691716158.775299, "global_step": 0, "_runtime": 3.3019051551818848, "_step": 0, "_wandb": {"runtime": 8}}